NOC,Medals,Predicted
USA,121,107.1
CHN,70,88.4
GBR,67,52.5
RUS,56,68.0
GER,42,45.7
FRA,42,38.8
JPN,41,40.4
AUS,29,42.8
ITA,28,30.2
CAN,22,29.9
KOR,21,24.5
BRA,19,39.2
NED,19,20.1
KAZ,18,12.2
AZE,18,6.6
NZL,18,14.0
ESP,17,24.0
HUN,15,15.5
DEN,15,7.4
KEN,13,8.9
UZB,13,4.1
POL,11,16.2
JAM,11,7.5
UKR,11,20.0
SWE,11,9.1
CUB,11,11.7
CZE,10,8.6
CRO,10,5.6
RSA,10,9.8
BLR,9,11.0
COL,8,11.1
SRB,8,5.8
TUR,8,7.7
IRI,8,9.7
ETH,8,5.3
SUI,7,3.2
GEO,7,4.1
BEL,6,4.3
THA,6,3.7
GRE,6,3.9
MEX,5,11.2
MAS,5,1.5
LTU,4,4.1
SVK,4,2.7
ROU,4,8.2
NOR,4,1.4
SLO,4,3.0
ARM,4,1.6
ARG,4,13.8
INA,3,4.2
BUL,3,2.1
EGY,3,7.1
TUN,3,3.3
VEN,3,4.2
CIV,2,0.0
ALG,2,4.1
MGL,2,4.3
VIE,2,0.0
IND,2,16.8
IRL,2,2.7
ISR,2,0.0
BRN,2,0.0
BAH,2,0.0
MAR,1,2.0
AUT,1,0.8
BDI,1,0.0
FIN,1,1.5
EST,1,1.2
DOM,1,0.8
FIJ,1,1.1
JOR,1,0.0
TJK,1,0.0
TTO,1,1.4
POR,1,3.2
UAE,1,0.0
PUR,1,0.5
SGP,1,0.0
PHI,1,0.0
QAT,1,0.0
NGR,1,3.9
NIG,1,0.0
GRN,1,0.0
GAM,0,0.0
ALB,0,0.0
AND,0,0.0
ANG,0,0.0
BAR,0,0.0
BIZ,0,0.0
BIH,0,0.0
BHU,0,0.0
BER,0,0.0
BEN,0,0.0
BOL,0,0.0
BOT,0,0.0
CAF,0,0.0
ANT,0,0.0
GAB,0,0.0
FSM,0,0.0
ESA,0,0.0
ECU,0,0.0
DMA,0,0.0
DJI,0,0.0
CAY,0,0.0
COD,0,0.0
CMR,0,0.0
CGO,0,0.0
CHI,0,0.0
CRC,0,0.0
CPV,0,0.0
COM,0,0.0
CYP,0,0.0
BAN,0,0.0
ASA,0,0.0
ARU,0,0.0
AFG,0,0.0
ISL,0,0.0
KSA,0,0.0
KIR,0,0.0
KGZ,0,0.0
LAO,0,0.0
HAI,0,0.0
HKG,0,0.0
HON,0,0.0
GHA,0,0.0
GUA,0,0.2
GUI,0,0.0
GUM,0,0.0
NEP,0,0.0
MYA,0,0.0
NAM,0,0.0
NCA,0,0.0
MRI,0,0.0
MNE,0,0.6
MON,0,0.0
MOZ,0,0.0
MLI,0,0.0
MKD,0,0.0
MHL,0,0.0
MLT,0,0.0
LUX,0,0.0
MAW,0,0.0
MDA,0,0.7
MDV,0,0.0
LBA,0,0.0
LBR,0,0.0
LAT,0,0.7
LCA,0,0.0
MAD,0,0.0
LES,0,0.0
LIB,0,0.0
LIE,0,0.0
GUY,0,0.0
ISV,0,0.0
IRQ,0,0.0
PLE,0,0.0
PLW,0,0.0
PAR,0,0.0
PER,0,0.0
NRU,0,0.0
SRI,0,0.0
SOM,0,0.0
SOL,0,0.0
SMR,0,0.0
SKN,0,0.0
SLE,0,0.0
SEN,0,0.0
SEY,0,0.0
SAM,0,0.0
RWA,0,0.0
PAN,0,0.0
PAK,0,0.0
OMA,0,0.0
PNG,0,0.0
SUR,0,0.0
STP,0,0.0
TOG,0,0.0
TLS,0,0.0
TKM,0,0.0
TAN,0,0.0
TGA,0,0.0
SUD,0,0.0
SWZ,0,0.0
SYR,0,0.0
URU,0,0.0
UGA,0,0.4
TUV,0,0.0
VAN,0,0.0
VIN,0,0.0
YEM,0,0.0
ZAM,0,0.0
ZIM,0,0.0
